test01,test02,test03,test04
139.671969,139.673991,139.675960,139.677699
35.2001190,35.2001190,35.2001190,35.2001190
